{"cameraMode":{"drawMode":0,"name":"Shaded","section":"Shading Mode"},"sceneLighting":true,"audioPlay":false,"sceneViewState":{"m_AlwaysRefresh":false,"showFog":true,"showSkybox":true,"showFlares":true,"showImageEffects":true,"showParticleSystems":true,"showVisualEffectGraphs":true,"m_FxEnabled":true},"in2DMode":false,"pivot":{"x":204.33157348632813,"y":118.84529113769531,"z":372.9832763671875},"rotation":{"x":-0.03021826408803463,"y":-0.07661566883325577,"z":0.002248563338071108,"w":-0.9964736700057983},"size":275.21783447265627,"orthographic":false}