{"cameraMode":{"drawMode":0,"name":"Shaded","section":"Shading Mode"},"sceneLighting":false,"audioPlay":false,"sceneViewState":{"m_AlwaysRefresh":false,"showFog":true,"showSkybox":false,"showFlares":true,"showImageEffects":true,"showParticleSystems":true,"showVisualEffectGraphs":true,"m_FxEnabled":true},"in2DMode":false,"pivot":{"x":2.61373233795166,"y":0.6718513369560242,"z":35.77092361450195},"rotation":{"x":-0.0038088904693722727,"y":-0.911662757396698,"z":0.008495149202644825,"w":-0.4108331501483917},"size":1.4241939783096314,"orthographic":false}